site,class,branch_X,branch_Y,branch_Z,spread,weight_X,weight_Y,weight_Z,reference_branch
1,root,2.6572183721053957,2.6572183722871197,2.6572183722355183,1.8172396920590472e-10,0.3330815299346598,0.3334018251417842,0.33351664492355604,X
2,root,2.6570426988660203,2.6570426988666913,2.6570426988665314,6.710187960834446e-13,0.33335600980516966,0.3333975611182556,0.33324642907657476,X
3,root,2.657058206725287,2.6570582067263873,2.6570582067261963,1.1004530620084552e-12,0.3334406684228335,0.3332440769130569,0.33331525466410966,X
4,root,2.6569209633731274,2.656920963882575,2.6569209637052458,5.094475952205357e-10,0.3334979419872992,0.33331780965096663,0.3331842483617342,X
5,root,2.657015488095403,2.6570154880955554,2.657015488095376,1.794120407794253e-13,0.33351469704943876,0.33325737832210045,0.33322792462846085,Z
6,root,2.656946604194813,2.6569466042066265,2.6569466042167056,2.1892709867188387e-11,0.3335399976692849,0.33338979322581835,0.33307020910489676,X
7,level3,0.29048903462280745,0.2904890346226903,0.290489034622708,1.1712852909795402e-13,0.3300704546476684,0.3325752980035356,0.33735424734879604,Y
8,level3,0.21584808338243444,0.21584808338286024,0.21584808338263795,4.2579828551936316e-13,0.3301734109627168,0.3316990950929725,0.33812749394431063,X
9,level3,0.6134976668274399,0.6134976668271147,0.6134976668270252,4.1466829969749597e-13,0.3302705249727465,0.3322151921974721,0.33751428282978146,Z
10,level3,0.21233745707330737,0.21233745707243268,0.2123374570725442,8.746892099509296e-13,0.3310917976538638,0.33185492918043935,0.33705327316569683,Y
11,level3,0.5740749415547522,0.5740749415551643,0.574074941554655,5.092593013955593e-13,0.3304313731339311,0.33149536152293907,0.33807326534312976,Z
12,level3,0.2108040504372146,0.21080405043746564,0.21080405043755884,3.442524043606454e-13,0.3297880551946488,0.3312967556832162,0.33891518912213503,X
13,level4,0.21244535625659933,0.21244535625684108,0.2124453562566867,2.4175106361212784e-13,0.33328962825242825,0.3324018863187108,0.3343084854288609,X
14,level4,0.2304332003901251,0.23043320039032966,0.23043320039009024,2.39419595260415e-13,0.3331259947544823,0.33316450022063077,0.33370950502488694,Z
15,level4,0.3798267731995227,0.37982677319921737,0.3798267731989883,5.344058529033191e-13,0.3329165825422183,0.3338314489521693,0.33325196850561234,Z
16,level4,0.19308318859582876,0.19308318859566972,0.19308318859597012,3.0039859488795173e-13,0.3350689554503181,0.3328779615741023,0.33205308297557956,Y
17,level4,0.44847942488588866,0.44847942488614856,0.44847942488600634,2.5990321006474915e-13,0.33338329904098585,0.33392296073040934,0.3326937402286048,X
18,level4,0.18262533368339282,0.18262533368310932,0.18262533368373424,6.24916784985885e-13,0.33322512686945616,0.3337009060979148,0.3330739670326291,Y
19,E2,1.6848889497640713,1.6848889497643222,1.6848889497632533,1.0689227281091007e-12,0.3331454515158962,0.33321402107008813,0.33364052741401573,Z
20,M,6.053106932160297,6.053106932142217,6.053106932165348,2.313083058425036e-11,0.33335385438408655,0.33332499529188575,0.3333211503240277,Y
