stage,width,predicted_gain,scale,radius,raw_mixture_gain,raw_hard_gain,final_hard_gain,stop_reason
matched-trust-022,6,6.060083687700168e-08,1.0,0.25,6.062138302453945e-08,-1.3050448899321054e-07,6.063450186388764e-08,restored
matched-trust-022,12,2.3243930267845475e-07,0.8519214378265675,0.25,2.334509203727464e-07,-7.982091692948501e-06,2.34388515707451e-07,restored
matched-trust-026,6,2.6166112030632338e-08,1.0,0.25,2.610211780051941e-08,-8.328640599408743e-07,2.6054983059964343e-08,restored
matched-trust-026,12,1.7687350999807307e-07,0.5997047188431519,0.25,1.7672096186416297e-07,-8.170471186286221e-06,1.7686672837413653e-07,restored
standalone-twelve-027,12,5.89610047434593e-08,1.0,0.25,5.900326316421456e-08,-1.0630857469884347e-06,5.915049383631299e-08,restored
matched-trust-033-recovery-001,6,2.9470014965792565e-08,1.0,0.25,2.9459758632555122e-08,-6.593466594928543e-07,2.9353367292372923e-08,restored
matched-partial-037,6,1.8519844390257255e-08,1.0,0.25,1.85392901030923e-08,-4.3853705467000736e-07,1.8498552911694333e-08,restored
matched-partial-037,11,1.158851807294308e-07,0.9909021860745391,0.25,1.1644512554198627e-07,-7.145704753241944e-06,1.183210200927931e-07,restored
fresh-twelve-038,12,1.245304771147096e-07,0.4749181735831086,0.25,1.2446279828992601e-07,-2.318474756179967e-06,1.2458180576047084e-07,restored
matched-partial-041,6,4.415448788050773e-08,1.0,0.25,4.4163250390028e-08,-2.739777431592927e-07,4.413555299009886e-08,restored
matched-partial-041,12,9.937791963881547e-08,1.0,0.25,9.94508919660575e-08,-2.348055761824952e-06,9.939340372966399e-08,restored
