stage,accepted,omega,incumbent,candidate_omega,global_gain,phase_plus_setup_seconds,audit_seconds,borrowed_model,gain_per_hour,width
continuation-002,True,2.3711732303548674,2.3711732303548674,2.3711732303548674,3.6551926196892737e-07,3016.4684543749318,9.93589104199782,False,4.3622844494848563e-07,20
continuation-003-recovery-001,True,2.371173216699853,2.371173216699853,2.371173216699853,1.3655014452496061e-08,1243.4025193760172,6.988322332967073,False,3.953510730672723e-08,6
continuation-004,True,2.3711731616683327,2.3711731616683327,2.3711731616683327,5.5031520229675834e-08,1361.2709501250647,10.587571499985643,False,1.4553566489362872e-07,6
continuation-005,True,2.3711731292799754,2.3711731292799754,2.3711731292799754,3.238835732943812e-08,1269.865959417075,10.738404166069813,False,9.181920778434045e-08,6
continuation-006-recovery-001,True,2.371172963382404,2.371172963382404,2.371172963382404,1.6589757123597337e-07,2151.4364058321808,12.849032750003971,False,2.7759651869351613e-07,12
continuation-007,True,2.3711728754243446,2.3711728754243446,2.3711728754243446,8.795805950256863e-08,2350.479908874957,15.820493959006853,False,1.3471674997673528e-07,12
continuation-008-recovery-001,True,2.371172826772042,2.371172826772042,2.371172826772042,4.865230263106923e-08,1721.6970537499292,26.307953667012043,False,1.0173002799207261e-07,6
continuation-009,True,2.3711727935585123,2.3711727935585123,2.3711727935585123,3.321352970431235e-08,1718.0566187078366,12.867173374979757,False,6.959532394540815e-08,6
continuation-010,True,2.3711725333675275,2.3711725333675275,2.3711725333675275,2.601909847577133e-07,2235.0755096239736,14.968213042011485,False,4.1908541393545806e-07,12
continuation-011,True,2.37117232283412,2.37117232283412,2.37117232283412,2.1050243770304178e-07,2131.493890875019,17.544767458108254,False,3.5552941482738914e-07,12
continuation-012,True,2.3711722849378085,2.3711722849378085,2.3711722849378085,3.789631142225858e-08,1309.1297556241043,15.201515500084497,False,1.0421176398598614e-07,6
continuation-013,True,2.37117222024713,2.37117222024713,2.37117222024713,6.469067859171673e-08,1408.6188769999426,14.641556417103857,False,1.653296336807431e-07,6
continuation-014,True,2.3711721838213458,2.3711721838213458,2.3711721838213458,3.642578416673814e-08,1373.7744281669147,17.971487666945904,False,9.545440671452399e-08,6
continuation-015,True,2.3711721577346765,2.3711721577346765,2.3711721577346765,2.6086669269176355e-08,1888.0172124580713,18.30208345898427,False,4.9741076908280814e-08,6
retained-trust-017,True,2.371171873217143,2.371171873217143,2.371171873217143,2.8451753353309073e-07,334.413851498859,18.839417250012048,True,,1
fresh-trust-018,True,2.3711716480194918,2.3711716480194918,2.3711716480194918,2.2519765119355384e-07,1157.250194875989,20.38197087496519,False,7.00549931109469e-07,3
fresh-trust-019,True,2.371171458326799,2.371171458326799,2.371171458326799,1.8969269266477795e-07,1410.1603693329962,20.833057624986395,False,4.842666894093814e-07,6
retained-aggressive-020,False,,2.371171458326799,2.3711716134011467,0,297.004989249981,20.031207958003506,True,,3
fresh-trust-021,True,2.3711713122799107,2.3711713122799107,2.3711713122799107,1.460468883607291e-07,1510.8336164589273,22.614556750049815,False,3.479991392638688e-07,6
matched-trust-022,True,2.3711710779474715,2.3711710779474715,2.3711710779474715,2.343324392306556e-07,2320.2348750829697,23.812353290966712,False,3.635824934319177e-07,12
fresh-trust-023,True,2.3711710417326217,2.3711710417326217,2.3711710417326217,3.621484978566514e-08,1463.368038292043,22.6238304580329,False,8.90913671864521e-08,6
fresh-trust-024,True,2.3711709476110663,2.3711709476110663,2.3711709476110663,9.412155543842005e-08,1683.7033322091447,38.343095542048104,False,2.0124542910640433e-07,6
fresh-trust-025,True,2.3711709111360637,2.3711709111360637,2.3711709111360637,3.647500257386582e-08,1442.2432400430553,28.08326333295554,False,9.104567497365907e-08,6
matched-trust-026,True,2.3711707343084147,2.3711707343084147,2.3711707343084147,1.7682764896775893e-07,2336.842431917088,29.596796125057153,False,2.7241012384463506e-07,12
standalone-twelve-027,True,2.3711706751683295,2.3711706751683295,2.3711706751683295,5.9140085273412524e-08,2111.455041375011,27.627618958009407,False,1.0083298143333358e-07,12
fresh-trust-028,True,2.3711705307748976,2.3711705307748976,2.3711705307748976,1.4439343187788722e-07,1522.9213026667712,29.652551666949876,False,3.41328441496057e-07,6
fresh-trust-029,True,2.3711704748094706,2.3711704748094706,2.3711704748094706,5.596542695940343e-08,1450.1205767500214,30.550436667050235,False,1.3893709273845e-07,6
root-metric-030,True,2.3711704552201636,2.3711704552201636,2.3711704552201636,1.9589307065359662e-08,1502.7635551668936,29.837353292037733,False,4.692787843624729e-08,6
fresh-trust-031,True,2.3711703484083166,2.3711703484083166,2.3711703484083166,1.068118469227386e-07,1515.8196727919858,29.21883087500464,False,2.536730825069761e-07,6
fresh-trust-032,True,2.371170294532101,2.371170294532101,2.371170294532101,5.387621548891275e-08,1406.046055582934,28.806380833033472,False,1.3794311714752056e-07,6
matched-trust-033-recovery-001,True,2.371170265185191,2.371170265185191,2.371170265185191,2.9346910235261703e-08,1885.0024068750208,29.236196083948016,False,5.6047077956833e-08,6
retained-trust-034,True,2.3711701834275947,2.3711701834275947,2.3711701834275947,8.175759624862167e-08,447.57168941688724,31.077884332975373,True,,10
fresh-trust-035,True,2.371170110886978,2.371170110886978,2.371170110886978,7.254061662465006e-08,1530.8634089559782,32.68852216692176,False,1.7058753793510376e-07,6
fresh-trust-036,True,2.3711700764551606,2.3711700764551606,2.3711700764551606,3.443181739726242e-08,1513.6038712089648,32.538681084057316,False,8.189364799334067e-08,6
matched-partial-037,True,2.371169958158651,2.371169958158651,2.371169958158651,1.1829650947703385e-07,2261.3310400428018,34.76614491606597,False,1.8832600206525322e-07,11
fresh-twelve-038,True,2.371169833602685,2.371169833602685,2.371169833602685,1.245559659857065e-07,2636.1984557090327,46.993304417002946,False,1.7009397626247424e-07,12
fresh-trust-039,True,2.3711697187896665,2.3711697187896665,2.3711697187896665,1.1481301864790794e-07,1592.995122250053,37.510333374957554,False,2.5946524340178646e-07,6
fresh-trust-040,True,2.3711696265930224,2.3711696265930224,2.3711696265930224,9.21966440969868e-08,1603.6363192509161,38.91893570800312,False,2.0697206390548195e-07,6
matched-partial-041,True,2.371169527220003,2.371169527220003,2.371169527220003,9.937301959084266e-08,2359.07353012613,38.162934624939226,False,1.5164549385957737e-07,12
fresh-trust-042,True,2.3711694128460494,2.3711694128460494,2.3711694128460494,1.1437395341928891e-07,1624.2584489160217,39.04730520804878,False,2.534979778521247e-07,6
fresh-trust-043,True,2.3711693500058737,2.3711693500058737,2.3711693500058737,6.28401757296615e-08,1652.186606209958,38.98144770797808,False,1.3692438358747537e-07,6
