stage,available,funded,width,extra_gain,seconds,rate,floor,ratio,reason
continuation-006-recovery-001,True,True,12,1.4747545939997053e-07,1493.6973271642346,3.554345610618605e-07,9.181920778434045e-08,3.8710262224945815,
continuation-007,True,False,12,2.370077645252877e-08,1620.644892290933,5.264743413869761e-08,2.7759651869351613e-07,0.18965451867508346,
continuation-010,True,True,12,2.3344974620087555e-07,1534.7960659989621,5.475770396740906e-07,6.959532394540815e-08,7.868014812369005,
continuation-011,True,False,12,1.0739764988443312e-07,1440.3868629590143,2.6842201184041254e-07,3.3281547465202683e-07,0.806519024156132,
continuation-015,False,False,,,,,,,Both independently validated widths required; early or inadmissible width is unavailable.
matched-trust-022,True,False,12,1.7371271132660127e-07,1604.4806737080216,3.897621024817446e-07,4.842666894093814e-07,0.8048501187581248,
matched-trust-026,True,True,12,1.507796500987979e-07,1613.637545792153,3.3638702927502994e-07,2.0124542910640433e-07,1.6715263087897132,
matched-trust-033-recovery-001,False,False,,,,,,,Both independently validated widths required; early or inadmissible width is unavailable.
matched-partial-037,True,True,11,9.980186765901067e-08,1551.7644621257205,2.3153431615534046e-07,1.7058753793510376e-07,1.357275677684161,
matched-partial-041,True,False,12,5.524674318024836e-08,1679.0138802930014,1.184554087272861e-07,2.5946524340178646e-07,0.4565367105599413,
